Workbook
Name team: konkurs2!#REF!
Name team: #REF!
Name team: wyniki!$AX$5:$BD$47

Sheet wyniki
C5: Grupa A | F5: Grupa B | K5: Grupa C | O5: Grupa D | S5: Grupa E | W5: Grupa F | AA5: Grupa G | AE5: Grupa H | AI5: Grupa I | AM5: Grupa J | AQ5: Grupa K | AU5: Grupa L | AX5: druzyna | AY5: 1/16 | AZ5: 1/8 | BA5: 1/4 | BB5: 1/2 | BC5: fin | BD5: MW
B7: 1 | C7: Meksyk | G7: Kanada | K7: Brazylia | O7: Turcja | S7: Niemcy | W7: Holandia | AA7: Belgia | AE7: Hiszpania | AI7: Francja | AM7: Argentyna | AQ7: Portugalia | AU7: Anglia | AX7: Algieria
B8: 2 | C8: Korea Płd. | G8: Szwajcaria | K8: Maroko | O8: USA | S8: Wybrzeże Kości Sł. | W8: Szwecja | AA8: Egipt | AE8: Urugwaj | AI8: Norwegia | AM8: Algieria | AQ8: Kolumbia | AU8: Ghana | AX8: Anglia
B9: 3 | C9: Czechy | G9: Bośnia i Hercegowina | K9: Szkocja | O9: Paragwaj | S9: Ekwador | W9: Japonia | AA9: Iran | AE9: Arabia Saudyjska | AI9: Senegal | AM9: Austria | AQ9: DR Kongo | AU9: Chorwacja | AX9: Arabia Saudyjska
B10: 4 | C10: RPA | G10: Qatar | K10: Haiti | O10: Australia | S10: Curacao | W10: Tunezja | AA10: Nowa Zelandia | AE10: Rep. Ziel. Przylądka | AI10: Irak | AM10: Jordania | AQ10: Uzbekistan | AU10: Panama | AX10: Argentyna
AX11: Australia
AX12: Austria
Q13: 1/16 FINAŁU | AX13: Belgia
AX14: Bośnia i Hercegowina
E15: : | M15: : | U15: : | AC15: : | AM15: drużyny z 3go miejsca | AX15: Brazylia
AL16: A | AX16: Chorwacja
E17: : | M17: : | U17: : | AC17: : | AL17: B | AX17: Curacao
AL18: C | AX18: Czechy
E19: : | M19: : | U19: : | AC19: : | AL19: D | AX19: DR Kongo
AL20: E | AX20: Egipt
E21: : | M21: : | U21: : | AC21: : | AL21: F | AX21: Ekwador
AL22: G | AX22: Francja
Q23: 1/8 FINAŁU | AL23: H | AX23: Ghana
AL24: I | AX24: Haiti
M25: : | U25: : | AL25: J | AX25: Hiszpania
AL26: K | AX26: Holandia
M27: : | U27: : | AL27: L | AX27: Irak
AX28: Iran
M29: : | U29: : | AX29: Japonia
AX30: Jordania
M31: : | U31: : | AX31: Kanada
AX32: Kolumbia
Q33: ĆWIERĆFINAŁY | AX33: Korea Płd.
AX34: Maroko
M35: : | U35: : | AX35: Meksyk
AX36: Niemcy
M37: : | U37: : | AX37: Norwegia
AX38: Nowa Zelandia
Q39: PÓŁFINAŁY | AX39: Panama
AX40: Paragwaj
M41: : | U41: : | AX41: Portugalia
AX42: Qatar
Q43: FINAŁ | AX43: Rep. Ziel. Przylądka
AX44: RPA
Q45: : | AX45: Senegal
AX46: Szkocja
AX47: Szwajcaria
AX48: Szwecja
AX49: Tunezja
AX50: Turcja
AX51: Urugwaj
AX52: USA
AX53: Uzbekistan
AX54: Wybrzeże Kości Sł.

Sheet konkurs2
C2: wstaw swoje imię | G2: Punktów Ogółem | H2: =H72 -> #N/A
C4: 1. Faza grupowa: w żółtych polach, przy kazdym z krajów wstaw cyfry od 1-4 ustalając kolejność w grupach.
C5: Grupa A | F5: Grupa B | K5: Grupa C | O5: Grupa D | S5: Grupa E | W5: Grupa F | AA5: Grupa G | AE5: Grupa H | AI5: Grupa I | AM5: Grupa J | AQ5: Grupa K | AU5: Grupa L
C6: Meksyk | G6: Kanada | K6: Brazylia | O6: Turcja | S6: Niemcy | W6: Holandia | AA6: Belgia | AE6: Hiszpania | AI6: Francja | AM6: Argentyna | AQ6: Portugalia | AU6: Anglia | AX6: ABCD | AY6: =konkurs2!$S$16 | AZ6: =konkurs2!$AM$16 | BA6: =konkurs2!$AI$16 | BB6: =konkurs2!$W$16 | BC6: =konkurs2!$AE$16 | BD6: =konkurs2!$AA$16 | BE6: =konkurs2!$AU$16 | BF6: =konkurs2!$AQ$16 | BG6: =konkurs2!$C$16 | BH6: =konkurs2!$G$16 | BI6: =konkurs2!$K$16 | BJ6: =konkurs2!$O$16
C7: Korea Płd. | G7: Szwajcaria | K7: Maroko | O7: USA | S7: Wybrzeże Kości Sł. | W7: Szwecja | AA7: Egipt | AE7: Urugwaj | AI7: Norwegia | AM7: Algieria | AQ7: Kolumbia | AU7: Ghana | AX7: ABCE | AY7: =konkurs2!$AE$16 | AZ7: =konkurs2!$AA$16 | BA7: =konkurs2!$AI$16 | BB7: =konkurs2!$O$16 | BC7: =konkurs2!$AM$16 | BD7: =konkurs2!$W$16 | BE7: =konkurs2!$AU$16 | BF7: =konkurs2!$AQ$16 | BG7: =konkurs2!$C$16 | BH7: =konkurs2!$G$16 | BI7: =konkurs2!$K$16 | BJ7: =konkurs2!$S$16
C8: Czechy | G8: Bośnia i Hercegowina | K8: Szkocja | O8: Paragwaj | S8: Ekwador | W8: Japonia | AA8: Iran | AE8: Arabia Saudyjska | AI8: Senegal | AM8: Austria | AQ8: DR Kongo | AU8: Chorwacja | AX8: ABCF | AY8: =konkurs2!$S$16 | AZ8: =konkurs2!$AM$16 | BA8: =konkurs2!$AI$16 | BB8: =konkurs2!$O$16 | BC8: =konkurs2!$AE$16 | BD8: =konkurs2!$AA$16 | BE8: =konkurs2!$AU$16 | BF8: =konkurs2!$AQ$16 | BG8: =konkurs2!$C$16 | BH8: =konkurs2!$G$16 | BI8: =konkurs2!$K$16 | BJ8: =konkurs2!$W$16
C9: RPA | G9: Qatar | K9: Haiti | O9: Australia | S9: Curacao | W9: Tunezja | AA9: Nowa Zelandia | AE9: Rep. Ziel. Przylądka | AI9: Irak | AM9: Jordania | AQ9: Uzbekistan | AU9: Panama | AX9: ABCG | AY9: =konkurs2!$S$16 | AZ9: =konkurs2!$AM$16 | BA9: =konkurs2!$AI$16 | BB9: =konkurs2!$O$16 | BC9: =konkurs2!$AE$16 | BD9: =konkurs2!$W$16 | BE9: =konkurs2!$AU$16 | BF9: =konkurs2!$AQ$16 | BG9: =konkurs2!$C$16 | BH9: =konkurs2!$G$16 | BI9: =konkurs2!$K$16 | BJ9: =konkurs2!$AA$16
AX10: ABCH | AY10: =konkurs2!$S$16 | AZ10: =konkurs2!$AA$16 | BA10: =konkurs2!$AI$16 | BB10: =konkurs2!$O$16 | BC10: =konkurs2!$AM$16 | BD10: =konkurs2!$W$16 | BE10: =konkurs2!$AU$16 | BF10: =konkurs2!$AQ$16 | BG10: =konkurs2!$C$16 | BH10: =konkurs2!$G$16 | BI10: =konkurs2!$K$16 | BJ10: =konkurs2!$AE$16
C11: TWOJE TYPY: | AX11: ABCI | AY11: =konkurs2!$S$16 | AZ11: =konkurs2!$AA$16 | BA11: =konkurs2!$AM$16 | BB11: =konkurs2!$O$16 | BC11: =konkurs2!$AE$16 | BD11: =konkurs2!$W$16 | BE11: =konkurs2!$AU$16 | BF11: =konkurs2!$AQ$16 | BG11: =konkurs2!$C$16 | BH11: =konkurs2!$G$16 | BI11: =konkurs2!$K$16 | BJ11: =konkurs2!$AI$16
AX12: ABCJ | AY12: =konkurs2!$S$16 | AZ12: =konkurs2!$AA$16 | BA12: =konkurs2!$AI$16 | BB12: =konkurs2!$O$16 | BC12: =konkurs2!$AE$16 | BD12: =konkurs2!$W$16 | BE12: =konkurs2!$AU$16 | BF12: =konkurs2!$AQ$16 | BG12: =konkurs2!$C$16 | BH12: =konkurs2!$G$16 | BI12: =konkurs2!$K$16 | BJ12: =konkurs2!$AM$16
C13: A | D13: pkt | G13: B | H13: pkt | K13: C | L13: pkt | O13: D | P13: pkt | S13: E | T13: pkt | W13: F | X13: pkt | AA13: G | AB13: pkt | AE13: H | AF13: pkt | AI13: I | AJ13: pkt | AM13: J | AN13: pkt | AQ13: K | AR13: pkt | AU13: L | AV13: pkt | AX13: ABCK | AY13: =konkurs2!$S$16 | AZ13: =konkurs2!$AA$16 | BA13: =konkurs2!$AM$16 | BB13: =konkurs2!$O$16 | BC13: =konkurs2!$AE$16 | BD13: =konkurs2!$W$16 | BE13: =konkurs2!$AU$16 | BF13: =konkurs2!$AI$16 | BG13: =konkurs2!$C$16 | BH13: =konkurs2!$G$16 | BI13: =konkurs2!$K$16 | BJ13: =konkurs2!$AQ$16
C14: =IF(C6="","",VLOOKUP(1,B6:C9,2,FALSE)) -> #N/A | D14: =IF(wyniki!C7=konkurs2!C14,1,0) -> #N/A | G14: =IF(G6="","",VLOOKUP(1,F6:G9,2,FALSE)) -> #N/A | H14: =IF(wyniki!G7=konkurs2!G14,1,0) -> #N/A | K14: =IF(K6="","",VLOOKUP(1,J6:K9,2,FALSE)) -> #N/A | L14: =IF(wyniki!K7=konkurs2!K14,1,0) -> #N/A | O14: =IF(O6="","",VLOOKUP(1,N6:O9,2,FALSE)) -> #N/A | P14: =IF(wyniki!O7=konkurs2!O14,1,0) -> #N/A | S14: =IF(S6="","",VLOOKUP(1,R6:S9,2,FALSE)) -> #N/A | T14: =IF(wyniki!S7=konkurs2!S14,1,0) -> #N/A | W14: =IF(W6="","",VLOOKUP(1,V6:W9,2,FALSE)) -> #N/A | X14: =IF(wyniki!W7=konkurs2!W14,1,0) -> #N/A | AA14: =IF(AA6="","",VLOOKUP(1,Z6:AA9,2,FALSE)) -> #N/A | AB14: =IF(wyniki!AA7=konkurs2!AA14,1,0) -> #N/A | AE14: =IF(AE6="","",VLOOKUP(1,AD6:AE9,2,FALSE)) -> #N/A | AF14: =IF(wyniki!AE7=konkurs2!AE14,1,0) -> #N/A | AI14: =IF(AI6="","",VLOOKUP(1,AH6:AI9,2,FALSE)) -> #N/A | AJ14: =IF(wyniki!AI7=konkurs2!AI14,1,0) -> #N/A | AM14: =IF(AM6="","",VLOOKUP(1,AL6:AM9,2,FALSE)) -> #N/A | AN14: =IF(wyniki!AM7=konkurs2!AM14,1,0) -> #N/A | AQ14: =IF(AQ6="","",VLOOKUP(1,AP6:AQ9,2,FALSE)) -> #N/A | AR14: =IF(wyniki!AQ7=konkurs2!AQ14,1,0) -> #N/A | AU14: =IF(AU6="","",VLOOKUP(1,AT6:AU9,2,FALSE)) -> #N/A | AV14: =IF(wyniki!AU7=konkurs2!AU14,1,0) -> #N/A | AX14: ABCL | AY14: =konkurs2!$S$16 | AZ14: =konkurs2!$AA$16 | BA14: =konkurs2!$AM$16 | BB14: =konkurs2!$O$16 | BC14: =konkurs2!$AE$16 | BD14: =konkurs2!$W$16 | BE14: =konkurs2!$AI$16 | BF14: =konkurs2!$AQ$16 | BG14: =konkurs2!$C$16 | BH14: =konkurs2!$G$16 | BI14: =konkurs2!$K$16 | BJ14: =konkurs2!$AU$16
C15: =IF(B6="","",VLOOKUP(2,B6:C9,2,FALSE)) | D15: =IF(wyniki!C8=konkurs2!C15,1,0) -> 0 | G15: =IF(F6="","",VLOOKUP(2,F6:G9,2,FALSE)) | H15: =IF(wyniki!G8=konkurs2!G15,1,0) -> 0 | K15: =IF(J6="","",VLOOKUP(2,J6:K9,2,FALSE)) | L15: =IF(wyniki!K8=konkurs2!K15,1,0) -> 0 | O15: =IF(N6="","",VLOOKUP(2,N6:O9,2,FALSE)) | P15: =IF(wyniki!O8=konkurs2!O15,1,0) -> 0 | S15: =IF(R6="","",VLOOKUP(2,R6:S9,2,FALSE)) | T15: =IF(wyniki!S8=konkurs2!S15,1,0) -> 0 | W15: =IF(V6="","",VLOOKUP(2,V6:W9,2,FALSE)) | X15: =IF(wyniki!W8=konkurs2!W15,1,0) -> 0 | AA15: =IF(Z6="","",VLOOKUP(2,Z6:AA9,2,FALSE)) | AB15: =IF(wyniki!AA8=konkurs2!AA15,1,0) -> 0 | AE15: =IF(AD6="","",VLOOKUP(2,AD6:AE9,2,FALSE)) | AF15: =IF(wyniki!AE8=konkurs2!AE15,1,0) -> 0 | AI15: =IF(AH6="","",VLOOKUP(2,AH6:AI9,2,FALSE)) | AJ15: =IF(wyniki!AI8=konkurs2!AI15,1,0) -> 0 | AM15: =IF(AL6="","",VLOOKUP(2,AL6:AM9,2,FALSE)) | AN15: =IF(wyniki!AM8=konkurs2!AM15,1,0) -> 0 | AQ15: =IF(AP6="","",VLOOKUP(2,AP6:AQ9,2,FALSE)) | AR15: =IF(wyniki!AQ8=konkurs2!AQ15,1,0) -> 0 | AU15: =IF(AT6="","",VLOOKUP(2,AT6:AU9,2,FALSE)) | AV15: =IF(wyniki!AU8=konkurs2!AU15,1,0) -> 0 | AX15: ABDE | AY15: =konkurs2!$AE$16 | AZ15: =konkurs2!$AA$16 | BA15: =konkurs2!$AI$16 | BB15: =konkurs2!$K$16 | BC15: =konkurs2!$AM$16 | BD15: =konkurs2!$W$16 | BE15: =konkurs2!$AU$16 | BF15: =konkurs2!$AQ$16 | BG15: =konkurs2!$C$16 | BH15: =konkurs2!$G$16 | BI15: =konkurs2!$O$16 | BJ15: =konkurs2!$S$16
C16: =IF(B7="","",VLOOKUP(3,B6:C9,2,FALSE)) | D16: =IF(wyniki!C9=konkurs2!C16,1,0) -> 0 | G16: =IF(F7="","",VLOOKUP(3,F6:G9,2,FALSE)) | H16: =IF(wyniki!G9=konkurs2!G16,1,0) -> 0 | K16: =IF(J7="","",VLOOKUP(3,J6:K9,2,FALSE)) | L16: =IF(wyniki!K9=konkurs2!K16,1,0) -> 0 | O16: =IF(N7="","",VLOOKUP(3,N6:O9,2,FALSE)) | P16: =IF(wyniki!O9=konkurs2!O16,1,0) -> 0 | S16: =IF(R7="","",VLOOKUP(3,R6:S9,2,FALSE)) | T16: =IF(wyniki!S9=konkurs2!S16,1,0) -> 0 | W16: =IF(V7="","",VLOOKUP(3,V6:W9,2,FALSE)) | X16: =IF(wyniki!W9=konkurs2!W16,1,0) -> 0 | AA16: =IF(Z7="","",VLOOKUP(3,Z6:AA9,2,FALSE)) | AB16: =IF(wyniki!AA9=konkurs2!AA16,1,0) -> 0 | AE16: =IF(AD7="","",VLOOKUP(3,AD6:AE9,2,FALSE)) | AF16: =IF(wyniki!AE9=konkurs2!AE16,1,0) -> 0 | AI16: =IF(AH7="","",VLOOKUP(3,AH6:AI9,2,FALSE)) | AJ16: =IF(wyniki!AI9=konkurs2!AI16,1,0) -> 0 | AM16: =IF(AL7="","",VLOOKUP(3,AL6:AM9,2,FALSE)) | AN16: =IF(wyniki!AM9=konkurs2!AM16,1,0) -> 0 | AQ16: =IF(AP7="","",VLOOKUP(3,AP6:AQ9,2,FALSE)) | AR16: =IF(wyniki!AQ9=konkurs2!AQ16,1,0) -> 0 | AU16: =IF(AT7="","",VLOOKUP(3,AT6:AU9,2,FALSE)) | AV16: =IF(wyniki!AU9=konkurs2!AU16,1,0) -> 0 | AX16: ABDF | AY16: =konkurs2!$S$16 | AZ16: =konkurs2!$AM$16 | BA16: =konkurs2!$AI$16 | BB16: =konkurs2!$K$16 | BC16: =konkurs2!$AE$16 | BD16: =konkurs2!$AA$16 | BE16: =konkurs2!$AU$16 | BF16: =konkurs2!$AQ$16 | BG16: =konkurs2!$C$16 | BH16: =konkurs2!$G$16 | BI16: =konkurs2!$O$16 | BJ16: =konkurs2!$W$16
C17: =IF(B8="","",VLOOKUP(4,B6:C9,2,FALSE)) | D17: =IF(wyniki!C10=konkurs2!C17,1,0) -> 0 | G17: =IF(F8="","",VLOOKUP(4,F6:G9,2,FALSE)) | H17: =IF(wyniki!G10=konkurs2!G17,1,0) -> 0 | K17: =IF(J8="","",VLOOKUP(4,J6:K9,2,FALSE)) | L17: =IF(wyniki!K10=konkurs2!K17,1,0) -> 0 | O17: =IF(N8="","",VLOOKUP(4,N6:O9,2,FALSE)) | P17: =IF(wyniki!O10=konkurs2!O17,1,0) -> 0 | S17: =IF(R8="","",VLOOKUP(4,R6:S9,2,FALSE)) | T17: =IF(wyniki!S10=konkurs2!S17,1,0) -> 0 | W17: =IF(V8="","",VLOOKUP(4,V6:W9,2,FALSE)) | X17: =IF(wyniki!W10=konkurs2!W17,1,0) -> 0 | AA17: =IF(Z8="","",VLOOKUP(4,Z6:AA9,2,FALSE)) | AB17: =IF(wyniki!AA10=konkurs2!AA17,1,0) -> 0 | AE17: =IF(AD8="","",VLOOKUP(4,AD6:AE9,2,FALSE)) | AF17: =IF(wyniki!AE10=konkurs2!AE17,1,0) -> 0 | AI17: =IF(AH8="","",VLOOKUP(4,AH6:AI9,2,FALSE)) | AJ17: =IF(wyniki!AI10=konkurs2!AI17,1,0) -> 0 | AM17: =IF(AL8="","",VLOOKUP(4,AL6:AM9,2,FALSE)) | AN17: =IF(wyniki!AM10=konkurs2!AM17,1,0) -> 0 | AQ17: =IF(AP8="","",VLOOKUP(4,AP6:AQ9,2,FALSE)) | AR17: =IF(wyniki!AQ10=konkurs2!AQ17,1,0) -> 0 | AU17: =IF(AT8="","",VLOOKUP(4,AT6:AU9,2,FALSE)) | AV17: =IF(wyniki!AU10=konkurs2!AU17,1,0) -> 0 | AX17: ABDG | AY17: =konkurs2!$S$16 | AZ17: =konkurs2!$AM$16 | BA17: =konkurs2!$AI$16 | BB17: =konkurs2!$K$16 | BC17: =konkurs2!$AE$16 | BD17: =konkurs2!$W$16 | BE17: =konkurs2!$AU$16 | BF17: =konkurs2!$AQ$16 | BG17: =konkurs2!$C$16 | BH17: =konkurs2!$G$16 | BI17: =konkurs2!$O$16 | BJ17: =konkurs2!$AA$16
AX18: ABDH | AY18: =konkurs2!$S$16 | AZ18: =konkurs2!$AA$16 | BA18: =konkurs2!$AI$16 | BB18: =konkurs2!$K$16 | BC18: =konkurs2!$AM$16 | BD18: =konkurs2!$W$16 | BE18: =konkurs2!$AU$16 | BF18: =konkurs2!$AQ$16 | BG18: =konkurs2!$C$16 | BH18: =konkurs2!$G$16 | BI18: =konkurs2!$O$16 | BJ18: =konkurs2!$AE$16
G19: Punkty za faze grupowa | H19: =D14++D15+D16+D17+H14+H15+H16+H17+L14+L15+L16+L17+P14+P15+P16+P17+T14+T15+T16+T17+X14+X15+X16+X17+AB14+AB15+AB16+AB17+AF14+AF15+AF16+AF17+AJ14+AJ15+AJ16+AJ17+AN14+AN15+AN16+AN17+AR14+AR15+AR16+AR17+AV14+AV15+AV16+AV17 -> #N/A | AX19: ABDI | AY19: =konkurs2!$S$16 | AZ19: =konkurs2!$AA$16 | BA19: =konkurs2!$AM$16 | BB19: =konkurs2!$K$16 | BC19: =konkurs2!$AE$16 | BD19: =konkurs2!$W$16 | BE19: =konkurs2!$AU$16 | BF19: =konkurs2!$AQ$16 | BG19: =konkurs2!$C$16 | BH19: =konkurs2!$G$16 | BI19: =konkurs2!$O$16 | BJ19: =konkurs2!$AI$16
AX20: ABDJ | AY20: =konkurs2!$S$16 | AZ20: =konkurs2!$AA$16 | BA20: =konkurs2!$AI$16 | BB20: =konkurs2!$K$16 | BC20: =konkurs2!$AE$16 | BD20: =konkurs2!$W$16 | BE20: =konkurs2!$AU$16 | BF20: =konkurs2!$AQ$16 | BG20: =konkurs2!$C$16 | BH20: =konkurs2!$G$16 | BI20: =konkurs2!$O$16 | BJ20: =konkurs2!$AM$16
C21: Ustal, z których grup nie awansują cztery (4) zespoły z trzecich miejsc (zaznaczone u góry na pomarańczowo). Pozostałe 8 drużyn awansuje. | AX21: ABDK | AY21: =konkurs2!$S$16 | AZ21: =konkurs2!$AA$16 | BA21: =konkurs2!$AM$16 | BB21: =konkurs2!$K$16 | BC21: =konkurs2!$AE$16 | BD21: =konkurs2!$W$16 | BE21: =konkurs2!$AU$16 | BF21: =konkurs2!$AI$16 | BG21: =konkurs2!$C$16 | BH21: =konkurs2!$G$16 | BI21: =konkurs2!$O$16 | BJ21: =konkurs2!$AQ$16
C22: 2. Kliknij na granatowe pole "ABCD" i wybierz swój wariant z listy rozwijanej | AX22: ABDL | AY22: =konkurs2!$S$16 | AZ22: =konkurs2!$AA$16 | BA22: =konkurs2!$AM$16 | BB22: =konkurs2!$K$16 | BC22: =konkurs2!$AE$16 | BD22: =konkurs2!$W$16 | BE22: =konkurs2!$AI$16 | BF22: =konkurs2!$AQ$16 | BG22: =konkurs2!$C$16 | BH22: =konkurs2!$G$16 | BI22: =konkurs2!$O$16 | BJ22: =konkurs2!$AU$16
AX23: ABEF | AY23: =konkurs2!$AE$16 | AZ23: =konkurs2!$AA$16 | BA23: =konkurs2!$AI$16 | BB23: =konkurs2!$K$16 | BC23: =konkurs2!$AM$16 | BD23: =konkurs2!$O$16 | BE23: =konkurs2!$AU$16 | BF23: =konkurs2!$AQ$16 | BG23: =konkurs2!$C$16 | BH23: =konkurs2!$G$16 | BI23: =konkurs2!$S$16 | BJ23: =konkurs2!$W$16
G24: ABCK | AX24: ABEG | AY24: =konkurs2!$K$16 | AZ24: =konkurs2!$AM$16 | BA24: =konkurs2!$AI$16 | BB24: =konkurs2!$O$16 | BC24: =konkurs2!$AE$16 | BD24: =konkurs2!$W$16 | BE24: =konkurs2!$AU$16 | BF24: =konkurs2!$AQ$16 | BG24: =konkurs2!$C$16 | BH24: =konkurs2!$G$16 | BI24: =konkurs2!$S$16 | BJ24: =konkurs2!$AA$16
G25: odpadną 4 drużyny: | K25: awansuje 8 drużyn: | AX25: ABEH | AY25: =konkurs2!$K$16 | AZ25: =konkurs2!$AA$16 | BA25: =konkurs2!$AI$16 | BB25: =konkurs2!$O$16 | BC25: =konkurs2!$AM$16 | BD25: =konkurs2!$W$16 | BE25: =konkurs2!$AU$16 | BF25: =konkurs2!$AQ$16 | BG25: =konkurs2!$C$16 | BH25: =konkurs2!$G$16 | BI25: =konkurs2!$S$16 | BJ25: =konkurs2!$AE$16
G26: =LOOKUP(G24,AX6:AX500,BG6:BG500) | K26: =LOOKUP(G24,AX6:AX500,AY6:AY500) | AX26: ABEI | AY26: =konkurs2!$K$16 | AZ26: =konkurs2!$AA$16 | BA26: =konkurs2!$AM$16 | BB26: =konkurs2!$O$16 | BC26: =konkurs2!$AE$16 | BD26: =konkurs2!$W$16 | BE26: =konkurs2!$AU$16 | BF26: =konkurs2!$AQ$16 | BG26: =konkurs2!$C$16 | BH26: =konkurs2!$G$16 | BI26: =konkurs2!$S$16 | BJ26: =konkurs2!$AI$16
G27: =LOOKUP(G24,AX6:AX500,BH6:BH500) | K27: =LOOKUP(G24,AX6:AX500,AZ6:AZ500) | AX27: ABEJ | AY27: =konkurs2!$K$16 | AZ27: =konkurs2!$AA$16 | BA27: =konkurs2!$AI$16 | BB27: =konkurs2!$O$16 | BC27: =konkurs2!$AE$16 | BD27: =konkurs2!$W$16 | BE27: =konkurs2!$AU$16 | BF27: =konkurs2!$AQ$16 | BG27: =konkurs2!$C$16 | BH27: =konkurs2!$G$16 | BI27: =konkurs2!$S$16 | BJ27: =konkurs2!$AM$16
G28: =LOOKUP(G24,AX6:AX500,BI6:BI500) | K28: =LOOKUP(G24,AX6:AX500,BA6:BA500) | AX28: ABEK | AY28: =konkurs2!$K$16 | AZ28: =konkurs2!$AA$16 | BA28: =konkurs2!$AM$16 | BB28: =konkurs2!$O$16 | BC28: =konkurs2!$AE$16 | BD28: =konkurs2!$W$16 | BE28: =konkurs2!$AU$16 | BF28: =konkurs2!$AI$16 | BG28: =konkurs2!$C$16 | BH28: =konkurs2!$G$16 | BI28: =konkurs2!$S$16 | BJ28: =konkurs2!$AQ$16
G29: =LOOKUP(G24,AX6:AX500,BJ6:BJ500) | K29: =LOOKUP(G24,AX6:AX500,BB6:BB500) | AX29: ABEL | AY29: =konkurs2!$K$16 | AZ29: =konkurs2!$AA$16 | BA29: =konkurs2!$AM$16 | BB29: =konkurs2!$O$16 | BC29: =konkurs2!$AE$16 | BD29: =konkurs2!$W$16 | BE29: =konkurs2!$AI$16 | BF29: =konkurs2!$AQ$16 | BG29: =konkurs2!$C$16 | BH29: =konkurs2!$G$16 | BI29: =konkurs2!$S$16 | BJ29: =konkurs2!$AU$16
K30: =LOOKUP(G24,AX6:AX500,BC6:BC500) | AX30: ABFG | AY30: =konkurs2!$S$16 | AZ30: =konkurs2!$AM$16 | BA30: =konkurs2!$AI$16 | BB30: =konkurs2!$K$16 | BC30: =konkurs2!$AE$16 | BD30: =konkurs2!$O$16 | BE30: =konkurs2!$AU$16 | BF30: =konkurs2!$AQ$16 | BG30: =konkurs2!$C$16 | BH30: =konkurs2!$G$16 | BI30: =konkurs2!$W$16 | BJ30: =konkurs2!$AA$16
K31: =LOOKUP(G24,AX6:AX500,BD6:BD500) | AX31: ABFH | AY31: =konkurs2!$S$16 | AZ31: =konkurs2!$AA$16 | BA31: =konkurs2!$AI$16 | BB31: =konkurs2!$K$16 | BC31: =konkurs2!$AM$16 | BD31: =konkurs2!$O$16 | BE31: =konkurs2!$AU$16 | BF31: =konkurs2!$AQ$16 | BG31: =konkurs2!$C$16 | BH31: =konkurs2!$G$16 | BI31: =konkurs2!$W$16 | BJ31: =konkurs2!$AE$16
K32: =LOOKUP(G24,AX6:AX500,BE6:BE500) | AX32: ABFI | AY32: =konkurs2!$S$16 | AZ32: =konkurs2!$AA$16 | BA32: =konkurs2!$AM$16 | BB32: =konkurs2!$K$16 | BC32: =konkurs2!$AE$16 | BD32: =konkurs2!$O$16 | BE32: =konkurs2!$AU$16 | BF32: =konkurs2!$AQ$16 | BG32: =konkurs2!$C$16 | BH32: =konkurs2!$G$16 | BI32: =konkurs2!$W$16 | BJ32: =konkurs2!$AI$16
K33: =LOOKUP(G24,AX6:AX500,BF6:BF500) | AX33: ABFJ | AY33: =konkurs2!$S$16 | AZ33: =konkurs2!$AA$16 | BA33: =konkurs2!$AI$16 | BB33: =konkurs2!$K$16 | BC33: =konkurs2!$AE$16 | BD33: =konkurs2!$O$16 | BE33: =konkurs2!$AU$16 | BF33: =konkurs2!$AQ$16 | BG33: =konkurs2!$C$16 | BH33: =konkurs2!$G$16 | BI33: =konkurs2!$W$16 | BJ33: =konkurs2!$AM$16
AX34: ABFK | AY34: =konkurs2!$S$16 | AZ34: =konkurs2!$AA$16 | BA34: =konkurs2!$AM$16 | BB34: =konkurs2!$K$16 | BC34: =konkurs2!$AE$16 | BD34: =konkurs2!$O$16 | BE34: =konkurs2!$AU$16 | BF34: =konkurs2!$AI$16 | BG34: =konkurs2!$C$16 | BH34: =konkurs2!$G$16 | BI34: =konkurs2!$W$16 | BJ34: =konkurs2!$AQ$16
C35: 3. Runda pucharowa. Wstaw 1 lub 2 w żóltych polach ustalając drużynę która przechodzi do kolejnej rundy | AX35: ABFL | AY35: =konkurs2!$S$16 | AZ35: =konkurs2!$AA$16 | BA35: =konkurs2!$AM$16 | BB35: =konkurs2!$K$16 | BC35: =konkurs2!$AE$16 | BD35: =konkurs2!$O$16 | BE35: =konkurs2!$AI$16 | BF35: =konkurs2!$AQ$16 | BG35: =konkurs2!$C$16 | BH35: =konkurs2!$G$16 | BI35: =konkurs2!$W$16 | BJ35: =konkurs2!$AU$16
AX36: ABGH | AY36: =konkurs2!$K$16 | AZ36: =konkurs2!$AM$16 | BA36: =konkurs2!$S$16 | BB36: =konkurs2!$O$16 | BC36: =konkurs2!$AI$16 | BD36: =konkurs2!$W$16 | BE36: =konkurs2!$AU$16 | BF36: =konkurs2!$AQ$16 | BG36: =konkurs2!$C$16 | BH36: =konkurs2!$G$16 | BI36: =konkurs2!$AA$16 | BJ36: =konkurs2!$AE$16
G37: Punkty za fazę the last 32 | H37: =B39+B41+B43+B45+H39+H41+H43+H45+J39+J41+J43+J45+P39+P41+P43+P45+R39+R41+R43+R45+X39+X41+X43+X45+Z39+Z41+Z43+Z45+AF39+AF41+AF43+AF45 -> #N/A | P37: 1/16 FINAŁU | AX37: ABGI | AY37: =konkurs2!$K$16 | AZ37: =konkurs2!$AM$16 | BA37: =konkurs2!$S$16 | BB37: =konkurs2!$O$16 | BC37: =konkurs2!$AE$16 | BD37: =konkurs2!$W$16 | BE37: =konkurs2!$AU$16 | BF37: =konkurs2!$AQ$16 | BG37: =konkurs2!$C$16 | BH37: =konkurs2!$G$16 | BI37: =konkurs2!$AA$16 | BJ37: =konkurs2!$AI$16
B38: pkt | J38: pkt | Z38: pkt | AX38: ABGJ | AY38: =konkurs2!$K$16 | AZ38: =konkurs2!$S$16 | BA38: =konkurs2!$AI$16 | BB38: =konkurs2!$O$16 | BC38: =konkurs2!$AE$16 | BD38: =konkurs2!$W$16 | BE38: =konkurs2!$AU$16 | BF38: =konkurs2!$AQ$16 | BG38: =konkurs2!$C$16 | BH38: =konkurs2!$G$16 | BI38: =konkurs2!$AA$16 | BJ38: =konkurs2!$AM$16
B39: =LOOKUP(C39,wyniki!$AX$7:$AY$54) -> #N/A | C39: =S14 -> #N/A | F39: =K29 | H39: =LOOKUP(F39,wyniki!$AX$7:$AY$54) -> #N/A | J39: =LOOKUP(K39,wyniki!$AX$7:$AY$54) -> #N/A | K39: =AQ15 | N39: =AU15 | P39: =LOOKUP(N39,wyniki!$AX$7:$AY$54) -> #N/A | R39: =LOOKUP(S39,wyniki!$AX$7:$AY$54) -> #N/A | S39: =K14 -> #N/A | V39: =W15 | X39: =LOOKUP(V39,wyniki!$AX$7:$AY$54) -> #N/A | Z39: =LOOKUP(AA39,wyniki!$AX$7:$AY$54) -> #N/A | AA39: =AM14 -> #N/A | AD39: =AE15 | AF39: =LOOKUP(AD39,wyniki!$AX$7:$AY$54) -> #N/A | AX39: ABGK | AY39: =konkurs2!$K$16 | AZ39: =konkurs2!$AM$16 | BA39: =konkurs2!$S$16 | BB39: =konkurs2!$O$16 | BC39: =konkurs2!$AE$16 | BD39: =konkurs2!$W$16 | BE39: =konkurs2!$AU$16 | BF39: =konkurs2!$AI$16 | BG39: =konkurs2!$C$16 | BH39: =konkurs2!$G$16 | BI39: =konkurs2!$AA$16 | BJ39: =konkurs2!$AQ$16
AX40: ABGL | AY40: =konkurs2!$K$16 | AZ40: =konkurs2!$AM$16 | BA40: =konkurs2!$S$16 | BB40: =konkurs2!$O$16 | BC40: =konkurs2!$AE$16 | BD40: =konkurs2!$W$16 | BE40: =konkurs2!$AI$16 | BF40: =konkurs2!$AQ$16 | BG40: =konkurs2!$C$16 | BH40: =konkurs2!$G$16 | BI40: =konkurs2!$AA$16 | BJ40: =konkurs2!$AU$16
B41: =LOOKUP(C41,wyniki!$AX$7:$AY$54) -> #N/A | C41: =AI14 -> #N/A | F41: =K31 | H41: =LOOKUP(F41,wyniki!$AX$7:$AY$54) -> #N/A | J41: =LOOKUP(K41,wyniki!$AX$7:$AY$54) -> #N/A | K41: =AE14 -> #N/A | N41: =AM15 | P41: =LOOKUP(N41,wyniki!$AX$7:$AY$54) -> #N/A | R41: =LOOKUP(S41,wyniki!$AX$7:$AY$54) -> #N/A | S41: =S15 | V41: =AI15 | X41: =LOOKUP(V41,wyniki!$AX$7:$AY$54) -> #N/A | Z41: =LOOKUP(AA41,wyniki!$AX$7:$AY$54) -> #N/A | AA41: =O15 | AD41: =AA15 | AF41: =LOOKUP(AD41,wyniki!$AX$7:$AY$54) -> #N/A | AX41: ABHI | AY41: =konkurs2!$K$16 | AZ41: =konkurs2!$AA$16 | BA41: =konkurs2!$S$16 | BB41: =konkurs2!$O$16 | BC41: =konkurs2!$AM$16 | BD41: =konkurs2!$W$16 | BE41: =konkurs2!$AU$16 | BF41: =konkurs2!$AQ$16 | BG41: =konkurs2!$C$16 | BH41: =konkurs2!$G$16 | BI41: =konkurs2!$AE$16 | BJ41: =konkurs2!$AI$16
AX42: ABHJ | AY42: =konkurs2!$K$16 | AZ42: =konkurs2!$AA$16 | BA42: =konkurs2!$S$16 | BB42: =konkurs2!$O$16 | BC42: =konkurs2!$AI$16 | BD42: =konkurs2!$W$16 | BE42: =konkurs2!$AU$16 | BF42: =konkurs2!$AQ$16 | BG42: =konkurs2!$C$16 | BH42: =konkurs2!$G$16 | BI42: =konkurs2!$AE$16 | BJ42: =konkurs2!$AM$16
B43: =LOOKUP(C43,wyniki!$AX$7:$AY$54) -> #N/A | C43: =C15 | F43: =G15 | H43: =LOOKUP(F43,wyniki!$AX$7:$AY$54) -> #N/A | J43: =LOOKUP(K43,wyniki!$AX$7:$AY$54) -> #N/A | K43: =O14 -> #N/A | N43: =K28 | P43: =LOOKUP(N43,wyniki!$AX$7:$AY$54) -> #N/A | R43: =LOOKUP(S43,wyniki!$AX$7:$AY$54) -> #N/A | S43: =C14 -> #N/A | V43: =K26 | X43: =LOOKUP(V43,wyniki!$AX$7:$AY$54) -> #N/A | Z43: =LOOKUP(AA43,wyniki!$AX$7:$AY$54) -> #N/A | AA43: =G14 -> #N/A | AD43: =K27 | AF43: =LOOKUP(AD43,wyniki!$AX$7:$AY$54) -> #N/A | AX43: ABHK | AY43: =konkurs2!$K$16 | AZ43: =konkurs2!$AA$16 | BA43: =konkurs2!$S$16 | BB43: =konkurs2!$O$16 | BC43: =konkurs2!$AM$16 | BD43: =konkurs2!$W$16 | BE43: =konkurs2!$AU$16 | BF43: =konkurs2!$AI$16 | BG43: =konkurs2!$C$16 | BH43: =konkurs2!$G$16 | BI43: =konkurs2!$AE$16 | BJ43: =konkurs2!$AQ$16
AX44: ABHL | AY44: =konkurs2!$K$16 | AZ44: =konkurs2!$AA$16 | BA44: =konkurs2!$S$16 | BB44: =konkurs2!$O$16 | BC44: =konkurs2!$AM$16 | BD44: =konkurs2!$W$16 | BE44: =konkurs2!$AI$16 | BF44: =konkurs2!$AQ$16 | BG44: =konkurs2!$C$16 | BH44: =konkurs2!$G$16 | BI44: =konkurs2!$AE$16 | BJ44: =konkurs2!$AU$16
B45: =LOOKUP(C45,wyniki!$AX$7:$AY$54) -> #N/A | C45: =W14 -> #N/A | F45: =K15 | H45: =LOOKUP(F45,wyniki!$AX$7:$AY$54) -> #N/A | J45: =LOOKUP(K45,wyniki!$AX$7:$AY$54) -> #N/A | K45: =AA14 -> #N/A | N45: =K30 | P45: =LOOKUP(N45,wyniki!$AX$7:$AY$54) -> #N/A | R45: =LOOKUP(S45,wyniki!$AX$7:$AY$54) -> #N/A | S45: =AU14 -> #N/A | V45: =K33 | X45: =LOOKUP(V45,wyniki!$AX$7:$AY$54) -> #N/A | Z45: =LOOKUP(AA45,wyniki!$AX$7:$AY$54) -> #N/A | AA45: =AQ14 -> #N/A | AD45: =K32 | AF45: =LOOKUP(AD45,wyniki!$AX$7:$AY$54) -> #N/A | AX45: ABIJ | AY45: =konkurs2!$K$16 | AZ45: =konkurs2!$AA$16 | BA45: =konkurs2!$S$16 | BB45: =konkurs2!$O$16 | BC45: =konkurs2!$AE$16 | BD45: =konkurs2!$W$16 | BE45: =konkurs2!$AU$16 | BF45: =konkurs2!$AQ$16 | BG45: =konkurs2!$C$16 | BH45: =konkurs2!$G$16 | BI45: =konkurs2!$AI$16 | BJ45: =konkurs2!$AM$16
AX46: ABIK | AY46: =konkurs2!$K$16 | AZ46: =konkurs2!$AA$16 | BA46: =konkurs2!$AM$16 | BB46: =konkurs2!$O$16 | BC46: =konkurs2!$AE$16 | BD46: =konkurs2!$W$16 | BE46: =konkurs2!$AU$16 | BF46: =konkurs2!$S$16 | BG46: =konkurs2!$C$16 | BH46: =konkurs2!$G$16 | BI46: =konkurs2!$AI$16 | BJ46: =konkurs2!$AQ$16
P47: 1/8 FINAŁU | AX47: ABIL | AY47: =konkurs2!$K$16 | AZ47: =konkurs2!$AA$16 | BA47: =konkurs2!$AM$16 | BB47: =konkurs2!$O$16 | BC47: =konkurs2!$AE$16 | BD47: =konkurs2!$W$16 | BE47: =konkurs2!$S$16 | BF47: =konkurs2!$AQ$16 | BG47: =konkurs2!$C$16 | BH47: =konkurs2!$G$16 | BI47: =konkurs2!$AI$16 | BJ47: =konkurs2!$AU$16
AX48: ABJK | AY48: =konkurs2!$K$16 | AZ48: =konkurs2!$AA$16 | BA48: =konkurs2!$S$16 | BB48: =konkurs2!$O$16 | BC48: =konkurs2!$AE$16 | BD48: =konkurs2!$W$16 | BE48: =konkurs2!$AU$16 | BF48: =konkurs2!$AI$16 | BG48: =konkurs2!$C$16 | BH48: =konkurs2!$G$16 | BI48: =konkurs2!$AM$16 | BJ48: =konkurs2!$AQ$16
G49: Punkty za fazę the last 16 | H49: =J49+J51+J53+J55+P49+P51+P53+P55+R49+R51+R53+R55+X49+X51+X53+X55 -> #N/A | J49: =LOOKUP(K49,wyniki!$AX$7:$AZ$54) -> #N/A | K49: =IF(E39="","",IF(E39=2,F39,C39)) | N49: =IF(E41="","",IF(E41=2,F41,C41)) | P49: =LOOKUP(N49,wyniki!$AX$7:$AZ$54) -> #N/A | R49: =LOOKUP(S49,wyniki!$AX$7:$AZ$54) -> #N/A | S49: =IF(U39="","",IF(U39=2,V39,S39)) | V49: =IF(U41="","",IF(U41=2,V41,S41)) | X49: =LOOKUP(V49,wyniki!$AX$7:$AZ$54) -> #N/A | AX49: ABJL | AY49: =konkurs2!$K$16 | AZ49: =konkurs2!$AA$16 | BA49: =konkurs2!$S$16 | BB49: =konkurs2!$O$16 | BC49: =konkurs2!$AE$16 | BD49: =konkurs2!$W$16 | BE49: =konkurs2!$AI$16 | BF49: =konkurs2!$AQ$16 | BG49: =konkurs2!$C$16 | BH49: =konkurs2!$G$16 | BI49: =konkurs2!$AM$16 | BJ49: =konkurs2!$AU$16
AX50: ABKL | AY50: =konkurs2!$K$16 | AZ50: =konkurs2!$AA$16 | BA50: =konkurs2!$AM$16 | BB50: =konkurs2!$O$16 | BC50: =konkurs2!$AE$16 | BD50: =konkurs2!$W$16 | BE50: =konkurs2!$S$16 | BF50: =konkurs2!$AI$16 | BG50: =konkurs2!$C$16 | BH50: =konkurs2!$G$16 | BI50: =konkurs2!$AQ$16 | BJ50: =konkurs2!$AU$16
J51: =LOOKUP(K51,wyniki!$AX$7:$AZ$54) -> #N/A | K51: =IF(E43="","",IF(E43=2,F43,C43)) | N51: =IF(E45="","",IF(E45=2,F45,C45)) | P51: =LOOKUP(N51,wyniki!$AX$7:$AZ$54) -> #N/A | R51: =LOOKUP(S51,wyniki!$AX$7:$AZ$54) -> #N/A | S51: =IF(U43="","",IF(U43=2,V43,S43)) | V51: =IF(U45="","",IF(U45=2,V45,S45)) | X51: =LOOKUP(V51,wyniki!$AX$7:$AZ$54) -> #N/A | AX51: ACDE | AY51: =konkurs2!$AE$16 | AZ51: =konkurs2!$AM$16 | BA51: =konkurs2!$G$16 | BB51: =konkurs2!$W$16 | BC51: =konkurs2!$AI$16 | BD51: =konkurs2!$AA$16 | BE51: =konkurs2!$AU$16 | BF51: =konkurs2!$AQ$16 | BG51: =konkurs2!$C$16 | BH51: =konkurs2!$K$16 | BI51: =konkurs2!$O$16 | BJ51: =konkurs2!$S$16
AX52: ACDF | AY52: =konkurs2!$S$16 | AZ52: =konkurs2!$AM$16 | BA52: =konkurs2!$AI$16 | BB52: =konkurs2!$G$16 | BC52: =konkurs2!$AE$16 | BD52: =konkurs2!$AA$16 | BE52: =konkurs2!$AU$16 | BF52: =konkurs2!$AQ$16 | BG52: =konkurs2!$C$16 | BH52: =konkurs2!$K$16 | BI52: =konkurs2!$O$16 | BJ52: =konkurs2!$W$16
J53: =LOOKUP(K53,wyniki!$AX$7:$AZ$54) -> #N/A | K53: =IF(M39="","",IF(M39=2,N39,K39)) | N53: =IF(M41="","",IF(M41=2,N41,K41)) | P53: =LOOKUP(N53,wyniki!$AX$7:$AZ$54) -> #N/A | R53: =LOOKUP(S53,wyniki!$AX$7:$AZ$54) -> #N/A | S53: =IF(AC39="","",IF(AC39=2,AD39,AA39)) | V53: =IF(AC41="","",IF(AC41=2,AD41,AA41)) | X53: =LOOKUP(V53,wyniki!$AX$7:$AZ$54) -> #N/A | AX53: ACDG | AY53: =konkurs2!$S$16 | AZ53: =konkurs2!$AM$16 | BA53: =konkurs2!$G$16 | BB53: =konkurs2!$W$16 | BC53: =konkurs2!$AI$16 | BD53: =konkurs2!$AE$16 | BE53: =konkurs2!$AU$16 | BF53: =konkurs2!$AQ$16 | BG53: =konkurs2!$C$16 | BH53: =konkurs2!$K$16 | BI53: =konkurs2!$O$16 | BJ53: =konkurs2!$AA$16
AX54: ACDH | AY54: =konkurs2!$S$16 | AZ54: =konkurs2!$AM$16 | BA54: =konkurs2!$G$16 | BB54: =konkurs2!$W$16 | BC54: =konkurs2!$AI$16 | BD54: =konkurs2!$AA$16 | BE54: =konkurs2!$AU$16 | BF54: =konkurs2!$AQ$16 | BG54: =konkurs2!$C$16 | BH54: =konkurs2!$K$16 | BI54: =konkurs2!$O$16 | BJ54: =konkurs2!$AE$16
J55: =LOOKUP(K55,wyniki!$AX$7:$AZ$54) -> #N/A | K55: =IF(M43="","",IF(M43=2,N43,K43)) | N55: =IF(M45="","",IF(M45=2,N45,K45)) | P55: =LOOKUP(N55,wyniki!$AX$7:$AZ$54) -> #N/A | R55: =LOOKUP(S55,wyniki!$AX$7:$AZ$54) -> #N/A | S55: =IF(AC43="","",IF(AC43=2,AD43,AA43)) | V55: =IF(AC45="","",IF(AC45=2,AD45,AA45)) | X55: =LOOKUP(V55,wyniki!$AX$7:$AZ$54) -> #N/A | AX55: ACDI | AY55: =konkurs2!$S$16 | AZ55: =konkurs2!$AM$16 | BA55: =konkurs2!$G$16 | BB55: =konkurs2!$W$16 | BC55: =konkurs2!$AE$16 | BD55: =konkurs2!$AA$16 | BE55: =konkurs2!$AU$16 | BF55: =konkurs2!$AQ$16 | BG55: =konkurs2!$C$16 | BH55: =konkurs2!$K$16 | BI55: =konkurs2!$O$16 | BJ55: =konkurs2!$AI$16
AX56: ACDJ | AY56: =konkurs2!$S$16 | AZ56: =konkurs2!$AA$16 | BA56: =konkurs2!$G$16 | BB56: =konkurs2!$W$16 | BC56: =konkurs2!$AI$16 | BD56: =konkurs2!$AE$16 | BE56: =konkurs2!$AU$16 | BF56: =konkurs2!$AQ$16 | BG56: =konkurs2!$C$16 | BH56: =konkurs2!$K$16 | BI56: =konkurs2!$O$16 | BJ56: =konkurs2!$AM$16
P57: ĆWIERĆFINAŁY | AX57: ACDK | AY57: =konkurs2!$S$16 | AZ57: =konkurs2!$AM$16 | BA57: =konkurs2!$G$16 | BB57: =konkurs2!$W$16 | BC57: =konkurs2!$AE$16 | BD57: =konkurs2!$AA$16 | BE57: =konkurs2!$AU$16 | BF57: =konkurs2!$AI$16 | BG57: =konkurs2!$C$16 | BH57: =konkurs2!$K$16 | BI57: =konkurs2!$O$16 | BJ57: =konkurs2!$AQ$16
AX58: ACDL | AY58: =konkurs2!$S$16 | AZ58: =konkurs2!$AM$16 | BA58: =konkurs2!$G$16 | BB58: =konkurs2!$W$16 | BC58: =konkurs2!$AE$16 | BD58: =konkurs2!$AA$16 | BE58: =konkurs2!$AI$16 | BF58: =konkurs2!$AQ$16 | BG58: =konkurs2!$C$16 | BH58: =konkurs2!$K$16 | BI58: =konkurs2!$O$16 | BJ58: =konkurs2!$AU$16
G59: Punkty za ćwierćfinały | H59: =J59+J61+P59+P61+R59+R61+X59+X61 -> #N/A | J59: =LOOKUP(K59,wyniki!$AX$7:$BA$54) -> #N/A | K59: =IF(M49="","",IF(M49=2,N49,K49)) | N59: =IF(M51="","",IF(M51=2,N51,K51)) | P59: =LOOKUP(N59,wyniki!$AX$7:$BA$54) -> #N/A | R59: =LOOKUP(S59,wyniki!$AX$7:$BA$54) -> #N/A | S59: =IF(U49="","",IF(U49=2,V49,S49)) | V59: =IF(U51="","",IF(U51=2,V51,S51)) | X59: =LOOKUP(V59,wyniki!$AX$7:$BA$54) -> #N/A | AX59: ACEF | AY59: =konkurs2!$AE$16 | AZ59: =konkurs2!$AM$16 | BA59: =konkurs2!$G$16 | BB59: =konkurs2!$O$16 | BC59: =konkurs2!$AI$16 | BD59: =konkurs2!$AA$16 | BE59: =konkurs2!$AU$16 | BF59: =konkurs2!$AQ$16 | BG59: =konkurs2!$C$16 | BH59: =konkurs2!$K$16 | BI59: =konkurs2!$S$16 | BJ59: =konkurs2!$W$16
AX60: ACEG | AY60: =konkurs2!$AE$16 | AZ60: =konkurs2!$AM$16 | BA60: =konkurs2!$G$16 | BB60: =konkurs2!$O$16 | BC60: =konkurs2!$AI$16 | BD60: =konkurs2!$W$16 | BE60: =konkurs2!$AU$16 | BF60: =konkurs2!$AQ$16 | BG60: =konkurs2!$C$16 | BH60: =konkurs2!$K$16 | BI60: =konkurs2!$S$16 | BJ60: =konkurs2!$AA$16
J61: =LOOKUP(K61,wyniki!$AX$7:$BA$54) -> #N/A | K61: =IF(M53="","",IF(M53=2,N53,K53)) | N61: =IF(M55="","",IF(M55=2,N55,K55)) | P61: =LOOKUP(N61,wyniki!$AX$7:$BA$54) -> #N/A | R61: =LOOKUP(S61,wyniki!$AX$7:$BA$54) -> #N/A | S61: =IF(U53="","",IF(U53=2,V53,S53)) | V61: =IF(U55="","",IF(U55=2,V55,S55)) | X61: =LOOKUP(V61,wyniki!$AX$7:$BA$54) -> #N/A | AX61: ACEH | AY61: =konkurs2!$AI$16 | AZ61: =konkurs2!$AA$16 | BA61: =konkurs2!$G$16 | BB61: =konkurs2!$O$16 | BC61: =konkurs2!$AM$16 | BD61: =konkurs2!$W$16 | BE61: =konkurs2!$AU$16 | BF61: =konkurs2!$AQ$16 | BG61: =konkurs2!$C$16 | BH61: =konkurs2!$K$16 | BI61: =konkurs2!$S$16 | BJ61: =konkurs2!$AE$16
AX62: ACEI | AY62: =konkurs2!$AE$16 | AZ62: =konkurs2!$AA$16 | BA62: =konkurs2!$G$16 | BB62: =konkurs2!$O$16 | BC62: =konkurs2!$AM$16 | BD62: =konkurs2!$W$16 | BE62: =konkurs2!$AU$16 | BF62: =konkurs2!$AQ$16 | BG62: =konkurs2!$C$16 | BH62: =konkurs2!$K$16 | BI62: =konkurs2!$S$16 | BJ62: =konkurs2!$AI$16
P63: PÓŁFINAŁY | AX63: ACEJ | AY63: =konkurs2!$AE$16 | AZ63: =konkurs2!$AA$16 | BA63: =konkurs2!$G$16 | BB63: =konkurs2!$O$16 | BC63: =konkurs2!$AI$16 | BD63: =konkurs2!$W$16 | BE63: =konkurs2!$AU$16 | BF63: =konkurs2!$AQ$16 | BG63: =konkurs2!$C$16 | BH63: =konkurs2!$K$16 | BI63: =konkurs2!$S$16 | BJ63: =konkurs2!$AM$16
AX64: ACEK | AY64: =konkurs2!$AE$16 | AZ64: =konkurs2!$AA$16 | BA64: =konkurs2!$G$16 | BB64: =konkurs2!$O$16 | BC64: =konkurs2!$AM$16 | BD64: =konkurs2!$W$16 | BE64: =konkurs2!$AU$16 | BF64: =konkurs2!$AI$16 | BG64: =konkurs2!$C$16 | BH64: =konkurs2!$K$16 | BI64: =konkurs2!$S$16 | BJ64: =konkurs2!$AQ$16
G65: Punkty za fazę półfinałową | H65: =J65+P65+R65+X65 -> #N/A | J65: =LOOKUP(K65,wyniki!$AX$7:$BB$54) -> #N/A | K65: =IF(M59="","",IF(M59=2,N59,K59)) | N65: =IF(M61="","",IF(M61=2,N61,K61)) | P65: =LOOKUP(N65,wyniki!$AX$7:$BB$54) -> #N/A | R65: =LOOKUP(S65,wyniki!$AX$7:$BB$54) -> #N/A | S65: =IF(U59="","",IF(U59=2,V59,S59)) | V65: =IF(U61="","",IF(U61=2,V61,S61)) | X65: =LOOKUP(V65,wyniki!$AX$7:$BB$54) -> #N/A | AX65: ACEL | AY65: =konkurs2!$AE$16 | AZ65: =konkurs2!$AA$16 | BA65: =konkurs2!$G$16 | BB65: =konkurs2!$O$16 | BC65: =konkurs2!$AM$16 | BD65: =konkurs2!$W$16 | BE65: =konkurs2!$AI$16 | BF65: =konkurs2!$AQ$16 | BG65: =konkurs2!$C$16 | BH65: =konkurs2!$K$16 | BI65: =konkurs2!$S$16 | BJ65: =konkurs2!$AU$16
AX66: ACFG | AY66: =konkurs2!$S$16 | AZ66: =konkurs2!$AM$16 | BA66: =konkurs2!$G$16 | BB66: =konkurs2!$O$16 | BC66: =konkurs2!$AI$16 | BD66: =konkurs2!$AE$16 | BE66: =konkurs2!$AU$16 | BF66: =konkurs2!$AQ$16 | BG66: =konkurs2!$C$16 | BH66: =konkurs2!$K$16 | BI66: =konkurs2!$W$16 | BJ66: =konkurs2!$AA$16
O67: 4. Podaj wynik meczu finałowego: | AX67: ACFH | AY67: =konkurs2!$S$16 | AZ67: =konkurs2!$AM$16 | BA67: =konkurs2!$G$16 | BB67: =konkurs2!$O$16 | BC67: =konkurs2!$AI$16 | BD67: =konkurs2!$AA$16 | BE67: =konkurs2!$AU$16 | BF67: =konkurs2!$AQ$16 | BG67: =konkurs2!$C$16 | BH67: =konkurs2!$K$16 | BI67: =konkurs2!$W$16 | BJ67: =konkurs2!$AE$16
AX68: ACFI | AY68: =konkurs2!$S$16 | AZ68: =konkurs2!$AM$16 | BA68: =konkurs2!$G$16 | BB68: =konkurs2!$O$16 | BC68: =konkurs2!$AE$16 | BD68: =konkurs2!$AA$16 | BE68: =konkurs2!$AU$16 | BF68: =konkurs2!$AQ$16 | BG68: =konkurs2!$C$16 | BH68: =konkurs2!$K$16 | BI68: =konkurs2!$W$16 | BJ68: =konkurs2!$AI$16
G69: Punkty za fazę finałową | H69: =M69+U69+M72 -> #N/A | M69: =LOOKUP(N69,wyniki!$AX$7:$BC$54) -> #N/A | N69: =IF(M65="","",IF(M65=2,N65,K65)) | Q69: =IF(P69="","",IF(P69-R69=0,"K","")) | S69: =IF(U65="","",IF(U65=2,V65,S65)) | U69: =LOOKUP(S69,wyniki!$AX$7:$BC$54) -> #N/A | AX69: ACFJ | AY69: =konkurs2!$S$16 | AZ69: =konkurs2!$AA$16 | BA69: =konkurs2!$G$16 | BB69: =konkurs2!$O$16 | BC69: =konkurs2!$AI$16 | BD69: =konkurs2!$AE$16 | BE69: =konkurs2!$AU$16 | BF69: =konkurs2!$AQ$16 | BG69: =konkurs2!$C$16 | BH69: =konkurs2!$K$16 | BI69: =konkurs2!$W$16 | BJ69: =konkurs2!$AM$16
O70: =IF(P69="","",IF(P69-R69<>0,"","Wskazales remis, zdecyduj kto wygra karne w finale, wstawiajac 1 lub 2 w szarym polu oznaczonym litera K")) | AX70: ACFK | AY70: =konkurs2!$S$16 | AZ70: =konkurs2!$AM$16 | BA70: =konkurs2!$G$16 | BB70: =konkurs2!$O$16 | BC70: =konkurs2!$AE$16 | BD70: =konkurs2!$AA$16 | BE70: =konkurs2!$AU$16 | BF70: =konkurs2!$AI$16 | BG70: =konkurs2!$C$16 | BH70: =konkurs2!$K$16 | BI70: =konkurs2!$W$16 | BJ70: =konkurs2!$AQ$16
O71: Twój typ na mistrza świata: | AX71: ACFL | AY71: =konkurs2!$S$16 | AZ71: =konkurs2!$AM$16 | BA71: =konkurs2!$G$16 | BB71: =konkurs2!$O$16 | BC71: =konkurs2!$AE$16 | BD71: =konkurs2!$AA$16 | BE71: =konkurs2!$AI$16 | BF71: =konkurs2!$AQ$16 | BG71: =konkurs2!$C$16 | BH71: =konkurs2!$K$16 | BI71: =konkurs2!$W$16 | BJ71: =konkurs2!$AU$16
E72: Punktów ogółem | H72: =H19+H37+H49+H59+H65+H69 -> #N/A | M72: =LOOKUP(O72,wyniki!$AX$7:$BD$54) -> #N/A | O72: =IF(P69="","",IF(P69-R69=0,IF(Q69=1,N69,S69),IF(P69-R69>0,N69,S69))) | AX72: ACGH | AY72: =konkurs2!$S$16 | AZ72: =konkurs2!$AM$16 | BA72: =konkurs2!$G$16 | BB72: =konkurs2!$O$16 | BC72: =konkurs2!$AI$16 | BD72: =konkurs2!$W$16 | BE72: =konkurs2!$AU$16 | BF72: =konkurs2!$AQ$16 | BG72: =konkurs2!$C$16 | BH72: =konkurs2!$K$16 | BI72: =konkurs2!$AA$16 | BJ72: =konkurs2!$AE$16
AX73: ACGI | AY73: =konkurs2!$S$16 | AZ73: =konkurs2!$AM$16 | BA73: =konkurs2!$G$16 | BB73: =konkurs2!$O$16 | BC73: =konkurs2!$AE$16 | BD73: =konkurs2!$W$16 | BE73: =konkurs2!$AU$16 | BF73: =konkurs2!$AQ$16 | BG73: =konkurs2!$C$16 | BH73: =konkurs2!$K$16 | BI73: =konkurs2!$AA$16 | BJ73: =konkurs2!$AI$16
AX74: ACGJ | AY74: =konkurs2!$S$16 | AZ74: =konkurs2!$AI$16 | BA74: =konkurs2!$G$16 | BB74: =konkurs2!$O$16 | BC74: =konkurs2!$AE$16 | BD74: =konkurs2!$W$16 | BE74: =konkurs2!$AU$16 | BF74: =konkurs2!$AQ$16 | BG74: =konkurs2!$C$16 | BH74: =konkurs2!$K$16 | BI74: =konkurs2!$AA$16 | BJ74: =konkurs2!$AM$16
AX75: ACGK | AY75: =konkurs2!$S$16 | AZ75: =konkurs2!$AM$16 | BA75: =konkurs2!$G$16 | BB75: =konkurs2!$O$16 | BC75: =konkurs2!$AE$16 | BD75: =konkurs2!$W$16 | BE75: =konkurs2!$AU$16 | BF75: =konkurs2!$AI$16 | BG75: =konkurs2!$C$16 | BH75: =konkurs2!$K$16 | BI75: =konkurs2!$AA$16 | BJ75: =konkurs2!$AQ$16
AX76: ACGL | AY76: =konkurs2!$S$16 | AZ76: =konkurs2!$AM$16 | BA76: =konkurs2!$G$16 | BB76: =konkurs2!$O$16 | BC76: =konkurs2!$AE$16 | BD76: =konkurs2!$W$16 | BE76: =konkurs2!$AI$16 | BF76: =konkurs2!$AQ$16 | BG76: =konkurs2!$C$16 | BH76: =konkurs2!$K$16 | BI76: =konkurs2!$AA$16 | BJ76: =konkurs2!$AU$16
AX77: ACHI | AY77: =konkurs2!$S$16 | AZ77: =konkurs2!$AA$16 | BA77: =konkurs2!$G$16 | BB77: =konkurs2!$O$16 | BC77: =konkurs2!$AM$16 | BD77: =konkurs2!$W$16 | BE77: =konkurs2!$AU$16 | BF77: =konkurs2!$AQ$16 | BG77: =konkurs2!$C$16 | BH77: =konkurs2!$K$16 | BI77: =konkurs2!$AE$16 | BJ77: =konkurs2!$AI$16
AX78: ACHJ | AY78: =konkurs2!$S$16 | AZ78: =konkurs2!$AA$16 | BA78: =konkurs2!$G$16 | BB78: =konkurs2!$O$16 | BC78: =konkurs2!$AI$16 | BD78: =konkurs2!$W$16 | BE78: =konkurs2!$AU$16 | BF78: =konkurs2!$AQ$16 | BG78: =konkurs2!$C$16 | BH78: =konkurs2!$K$16 | BI78: =konkurs2!$AE$16 | BJ78: =konkurs2!$AM$16
AX79: ACHK | AY79: =konkurs2!$S$16 | AZ79: =konkurs2!$AA$16 | BA79: =konkurs2!$G$16 | BB79: =konkurs2!$O$16 | BC79: =konkurs2!$AM$16 | BD79: =konkurs2!$W$16 | BE79: =konkurs2!$AU$16 | BF79: =konkurs2!$AI$16 | BG79: =konkurs2!$C$16 | BH79: =konkurs2!$K$16 | BI79: =konkurs2!$AE$16 | BJ79: =konkurs2!$AQ$16
AX80: ACHL | AY80: =konkurs2!$S$16 | AZ80: =konkurs2!$AA$16 | BA80: =konkurs2!$G$16 | BB80: =konkurs2!$O$16 | BC80: =konkurs2!$AM$16 | BD80: =konkurs2!$W$16 | BE80: =konkurs2!$AI$16 | BF80: =konkurs2!$AQ$16 | BG80: =konkurs2!$C$16 | BH80: =konkurs2!$K$16 | BI80: =konkurs2!$AE$16 | BJ80: =konkurs2!$AU$16
AX81: ACIJ | AY81: =konkurs2!$S$16 | AZ81: =konkurs2!$AA$16 | BA81: =konkurs2!$G$16 | BB81: =konkurs2!$O$16 | BC81: =konkurs2!$AE$16 | BD81: =konkurs2!$W$16 | BE81: =konkurs2!$AU$16 | BF81: =konkurs2!$AQ$16 | BG81: =konkurs2!$C$16 | BH81: =konkurs2!$K$16 | BI81: =konkurs2!$AI$16 | BJ81: =konkurs2!$AM$16
AX82: ACIK | AY82: =konkurs2!$AE$16 | AZ82: =konkurs2!$AA$16 | BA82: =konkurs2!$G$16 | BB82: =konkurs2!$O$16 | BC82: =konkurs2!$AM$16 | BD82: =konkurs2!$W$16 | BE82: =konkurs2!$AU$16 | BF82: =konkurs2!$S$16 | BG82: =konkurs2!$C$16 | BH82: =konkurs2!$K$16 | BI82: =konkurs2!$AI$16 | BJ82: =konkurs2!$AQ$16
AX83: ACIL | AY83: =konkurs2!$AE$16 | AZ83: =konkurs2!$AA$16 | BA83: =konkurs2!$G$16 | BB83: =konkurs2!$O$16 | BC83: =konkurs2!$AM$16 | BD83: =konkurs2!$W$16 | BE83: =konkurs2!$S$16 | BF83: =konkurs2!$AQ$16 | BG83: =konkurs2!$C$16 | BH83: =konkurs2!$K$16 | BI83: =konkurs2!$AI$16 | BJ83: =konkurs2!$AU$16
AX84: ACJK | AY84: =konkurs2!$S$16 | AZ84: =konkurs2!$AA$16 | BA84: =konkurs2!$G$16 | BB84: =konkurs2!$O$16 | BC84: =konkurs2!$AE$16 | BD84: =konkurs2!$W$16 | BE84: =konkurs2!$AU$16 | BF84: =konkurs2!$AI$16 | BG84: =konkurs2!$C$16 | BH84: =konkurs2!$K$16 | BI84: =konkurs2!$AM$16 | BJ84: =konkurs2!$AQ$16
AX85: ACJL | AY85: =konkurs2!$S$16 | AZ85: =konkurs2!$AA$16 | BA85: =konkurs2!$G$16 | BB85: =konkurs2!$O$16 | BC85: =konkurs2!$AE$16 | BD85: =konkurs2!$W$16 | BE85: =konkurs2!$AI$16 | BF85: =konkurs2!$AQ$16 | BG85: =konkurs2!$C$16 | BH85: =konkurs2!$K$16 | BI85: =konkurs2!$AM$16 | BJ85: =konkurs2!$AU$16
AX86: ACKL | AY86: =konkurs2!$AE$16 | AZ86: =konkurs2!$AA$16 | BA86: =konkurs2!$G$16 | BB86: =konkurs2!$O$16 | BC86: =konkurs2!$AM$16 | BD86: =konkurs2!$W$16 | BE86: =konkurs2!$S$16 | BF86: =konkurs2!$AI$16 | BG86: =konkurs2!$C$16 | BH86: =konkurs2!$K$16 | BI86: =konkurs2!$AQ$16 | BJ86: =konkurs2!$AU$16
AX87: ADEF | AY87: =konkurs2!$AE$16 | AZ87: =konkurs2!$AM$16 | BA87: =konkurs2!$G$16 | BB87: =konkurs2!$K$16 | BC87: =konkurs2!$AI$16 | BD87: =konkurs2!$AA$16 | BE87: =konkurs2!$AU$16 | BF87: =konkurs2!$AQ$16 | BG87: =konkurs2!$C$16 | BH87: =konkurs2!$O$16 | BI87: =konkurs2!$S$16 | BJ87: =konkurs2!$W$16
AX88: ADEG | AY88: =konkurs2!$AE$16 | AZ88: =konkurs2!$AM$16 | BA88: =konkurs2!$G$16 | BB88: =konkurs2!$K$16 | BC88: =konkurs2!$AI$16 | BD88: =konkurs2!$W$16 | BE88: =konkurs2!$AU$16 | BF88: =konkurs2!$AQ$16 | BG88: =konkurs2!$C$16 | BH88: =konkurs2!$O$16 | BI88: =konkurs2!$S$16 | BJ88: =konkurs2!$AA$16
AX89: ADEH | AY89: =konkurs2!$AI$16 | AZ89: =konkurs2!$AA$16 | BA89: =konkurs2!$G$16 | BB89: =konkurs2!$K$16 | BC89: =konkurs2!$AM$16 | BD89: =konkurs2!$W$16 | BE89: =konkurs2!$AU$16 | BF89: =konkurs2!$AQ$16 | BG89: =konkurs2!$C$16 | BH89: =konkurs2!$O$16 | BI89: =konkurs2!$S$16 | BJ89: =konkurs2!$AE$16
AX90: ADEI | AY90: =konkurs2!$AE$16 | AZ90: =konkurs2!$AA$16 | BA90: =konkurs2!$G$16 | BB90: =konkurs2!$K$16 | BC90: =konkurs2!$AM$16 | BD90: =konkurs2!$W$16 | BE90: =konkurs2!$AU$16 | BF90: =konkurs2!$AQ$16 | BG90: =konkurs2!$C$16 | BH90: =konkurs2!$O$16 | BI90: =konkurs2!$S$16 | BJ90: =konkurs2!$AI$16
AX91: ADEJ | AY91: =konkurs2!$AE$16 | AZ91: =konkurs2!$AA$16 | BA91: =konkurs2!$G$16 | BB91: =konkurs2!$K$16 | BC91: =konkurs2!$AI$16 | BD91: =konkurs2!$W$16 | BE91: =konkurs2!$AU$16 | BF91: =konkurs2!$AQ$16 | BG91: =konkurs2!$C$16 | BH91: =konkurs2!$O$16 | BI91: =konkurs2!$S$16 | BJ91: =konkurs2!$AM$16
AX92: ADEK | AY92: =konkurs2!$AE$16 | AZ92: =konkurs2!$AA$16 | BA92: =konkurs2!$G$16 | BB92: =konkurs2!$K$16 | BC92: =konkurs2!$AM$16 | BD92: =konkurs2!$W$16 | BE92: =konkurs2!$AU$16 | BF92: =konkurs2!$AI$16 | BG92: =konkurs2!$C$16 | BH92: =konkurs2!$O$16 | BI92: =konkurs2!$S$16 | BJ92: =konkurs2!$AQ$16
AX93: ADEL | AY93: =konkurs2!$AE$16 | AZ93: =konkurs2!$AA$16 | BA93: =konkurs2!$G$16 | BB93: =konkurs2!$K$16 | BC93: =konkurs2!$AM$16 | BD93: =konkurs2!$W$16 | BE93: =konkurs2!$AI$16 | BF93: =konkurs2!$AQ$16 | BG93: =konkurs2!$C$16 | BH93: =konkurs2!$O$16 | BI93: =konkurs2!$S$16 | BJ93: =konkurs2!$AU$16
AX94: ADFG | AY94: =konkurs2!$S$16 | AZ94: =konkurs2!$AM$16 | BA94: =konkurs2!$G$16 | BB94: =konkurs2!$K$16 | BC94: =konkurs2!$AI$16 | BD94: =konkurs2!$AE$16 | BE94: =konkurs2!$AU$16 | BF94: =konkurs2!$AQ$16 | BG94: =konkurs2!$C$16 | BH94: =konkurs2!$O$16 | BI94: =konkurs2!$W$16 | BJ94: =konkurs2!$AA$16
AX95: ADFH | AY95: =konkurs2!$S$16 | AZ95: =konkurs2!$AM$16 | BA95: =konkurs2!$G$16 | BB95: =konkurs2!$K$16 | BC95: =konkurs2!$AI$16 | BD95: =konkurs2!$AA$16 | BE95: =konkurs2!$AU$16 | BF95: =konkurs2!$AQ$16 | BG95: =konkurs2!$C$16 | BH95: =konkurs2!$O$16 | BI95: =konkurs2!$W$16 | BJ95: =konkurs2!$AE$16
AX96: ADFI | AY96: =konkurs2!$S$16 | AZ96: =konkurs2!$AM$16 | BA96: =konkurs2!$G$16 | BB96: =konkurs2!$K$16 | BC96: =konkurs2!$AE$16 | BD96: =konkurs2!$AA$16 | BE96: =konkurs2!$AU$16 | BF96: =konkurs2!$AQ$16 | BG96: =konkurs2!$C$16 | BH96: =konkurs2!$O$16 | BI96: =konkurs2!$W$16 | BJ96: =konkurs2!$AI$16
AX97: ADFJ | AY97: =konkurs2!$S$16 | AZ97: =konkurs2!$AA$16 | BA97: =konkurs2!$G$16 | BB97: =konkurs2!$K$16 | BC97: =konkurs2!$AI$16 | BD97: =konkurs2!$AE$16 | BE97: =konkurs2!$AU$16 | BF97: =konkurs2!$AQ$16 | BG97: =konkurs2!$C$16 | BH97: =konkurs2!$O$16 | BI97: =konkurs2!$W$16 | BJ97: =konkurs2!$AM$16
AX98: ADFK | AY98: =konkurs2!$S$16 | AZ98: =konkurs2!$AM$16 | BA98: =konkurs2!$G$16 | BB98: =konkurs2!$K$16 | BC98: =konkurs2!$AE$16 | BD98: =konkurs2!$AA$16 | BE98: =konkurs2!$AU$16 | BF98: =konkurs2!$AI$16 | BG98: =konkurs2!$C$16 | BH98: =konkurs2!$O$16 | BI98: =konkurs2!$W$16 | BJ98: =konkurs2!$AQ$16
AX99: ADFL | AY99: =konkurs2!$S$16 | AZ99: =konkurs2!$AM$16 | BA99: =konkurs2!$G$16 | BB99: =konkurs2!$K$16 | BC99: =konkurs2!$AE$16 | BD99: =konkurs2!$AA$16 | BE99: =konkurs2!$AI$16 | BF99: =konkurs2!$AQ$16 | BG99: =konkurs2!$C$16 | BH99: =konkurs2!$O$16 | BI99: =konkurs2!$W$16 | BJ99: =konkurs2!$AU$16
AX100: ADGH | AY100: =konkurs2!$S$16 | AZ100: =konkurs2!$AM$16 | BA100: =konkurs2!$G$16 | BB100: =konkurs2!$K$16 | BC100: =konkurs2!$AI$16 | BD100: =konkurs2!$W$16 | BE100: =konkurs2!$AU$16 | BF100: =konkurs2!$AQ$16 | BG100: =konkurs2!$C$16 | BH100: =konkurs2!$O$16 | BI100: =konkurs2!$AA$16 | BJ100: =konkurs2!$AE$16
AX101: ADGI | AY101: =konkurs2!$S$16 | AZ101: =konkurs2!$AM$16 | BA101: =konkurs2!$G$16 | BB101: =konkurs2!$K$16 | BC101: =konkurs2!$AE$16 | BD101: =konkurs2!$W$16 | BE101: =konkurs2!$AU$16 | BF101: =konkurs2!$AQ$16 | BG101: =konkurs2!$C$16 | BH101: =konkurs2!$O$16 | BI101: =konkurs2!$AA$16 | BJ101: =konkurs2!$AI$16
AX102: ADGJ | AY102: =konkurs2!$S$16 | AZ102: =konkurs2!$AI$16 | BA102: =konkurs2!$G$16 | BB102: =konkurs2!$K$16 | BC102: =konkurs2!$AE$16 | BD102: =konkurs2!$W$16 | BE102: =konkurs2!$AU$16 | BF102: =konkurs2!$AQ$16 | BG102: =konkurs2!$C$16 | BH102: =konkurs2!$O$16 | BI102: =konkurs2!$AA$16 | BJ102: =konkurs2!$AM$16
...

Sheet zasady
B3: konkurs II - typowanie generalnych rozstrzygnięć
B4: za każdą drużynę na swoim miejscu w grupie | C4: 1 pkt
B5: za miejsca drużyn w drabince nie przyznaje się dodatkowych punktów
B6: za każdą drużynę w 1/16 finału | C6: 2 pkt
B7: za każdą drużynę w 1/8 finału | C7: 4 pkt
B8: za każdą drużynę w ćwierćfinale | C8: 6 pkt
B9: za każdą drużynę w półfinale | C9: 8 pkt
B10: za każdą drużynę w finale | C10: 10 pkt
B11: za mistrza swiata | C11: 12 pkt
B13: w przypadku tej samej liczby punktów, o wyższym miejscu w tabeli końcowej konkursu
B14: decyduje wieksza liczba zdobytów punktów w poźniejszej fazie mistrzostw
